{
  "T_1": {
    "T_4": 1.0
  },
  "T_4": {
    "T_3": 1.0
  },
  "T_3": {
    "T_3": 0.9230769230769231,
    "T_2": 0.07692307692307693
  },
  "T_2": {
    "T_1": 1.0
  },
  "NT_T_1_T_4_T_3": {
    "NT_T_1_T_4_T_3": 1.0
  },
  "NT_T_4_T_3_T_3": {
    "NT_T_4_T_3_T_3": 1.0
  },
  "NT_T_3_T_3_T_3": {
    "NT_T_3_T_3_T_3": 1.0
  },
  "NT_T_3_T_3_T_2": {
    "NT_T_3_T_3_T_2": 1.0
  },
  "NT_T_3_T_2_T_1": {
    "NT_T_3_T_2_T_1": 1.0
  },
  "NT_T_2_T_1_T_4": {
    "NT_T_2_T_1_T_4": 1.0
  }
}