{
  "0": {
    "2": 0.5333333333333333,
    "0": 0.4666666666666667
  },
  "2": {
    "1": 1.0
  },
  "1": {
    "1": 0.9230769230769231,
    "0": 0.07692307692307693
  }
}