{
  "-1": {
    "-1": 0.2727272727272727,
    "0": 0.45454545454545453,
    "1": 0.2727272727272727
  },
  "0": {
    "1": 0.5,
    "-1": 0.5
  },
  "1": {
    "0": 0.16666666666666666,
    "-1": 0.8333333333333334
  }
}